Currency code ▲▼,Currency name ▲▼,Units per USD,USD per Unit
USD,US Dollar,1,1
EUR,Euro,0.893178504,1.11959703
GBP,British Pound,0.7538538976,1.326516986
INR,Indian Rupee,71.36715744,0.0140120475
AUD,Australian Dollar,1.424357801,0.7020707855
CAD,Canadian Dollar,1.298317276,0.7702277543
SGD,Singapore Dollar,1.346865297,0.7424647456
CHF,Swiss Franc,0.9707915349,1.030087268
MYR,Malaysian Ringgit,4.090536327,0.2444667202
JPY,Japanese Yen,109.5000218,0.0091324183
CNY,Chinese Yuan Renminbi,6.965968814,0.1435550498
NZD,New Zealand Dollar,1.49051975,0.6709069104
THB,Thai Baht,29.69050059,0.0336808063
HUF,Hungarian Forint,295.3153391,0.0033862108
AED,Emirati Dirham,3.6725,0.2722940776
HKD,Hong Kong Dollar,7.8082684,0.1280693681
MXN,Mexican Peso,18.93811514,0.0528035653
ZAR,South African Rand,14.02669746,0.0712926192
PHP,Philippine Peso,50.70848078,0.0197205671
SEK,Swedish Krona,9.363029098,0.1068030431
IDR,Indonesian Rupiah,13892.59087,0.0000719808
SAR,Saudi Arabian Riyal,3.75,0.2666666667
BRL,Brazilian Real,4.019517526,0.2487860778
TRY,Turkish Lira,5.948683349,0.168104426
KES,Kenyan Shilling,101.356473,0.0098661681
KRW,South Korean Won,1155.14939,0.0008656889
EGP,Egyptian Pound,16.05038898,0.062303786
IQD,Iraqi Dinar,1199.230826,0.0008338678
NOK,Norwegian Krone,8.736782375,0.1144586138
KWD,Kuwaiti Dinar,0.3032190807,3.297945491
RUB,Russian Ruble,62.06808008,0.0161113409
DKK,Danish Krone,6.677294824,0.1497612471
PKR,Pakistani Rupee,154.9890596,0.0064520683
ILS,Israeli Shekel,3.45770224,0.2892094029
PLN,Polish Zloty,3.844771157,0.2600935034
QAR,Qatari Riyal,3.64,0.2747252747
XAU,Gold Ounce,0.0006590349,1517.370324
OMR,Omani Rial,0.3845,2.600780234
COP,Colombian Peso,3287.123611,0.0003042173
CLP,Chilean Peso,739.3835756,0.001352478
TWD,Taiwan New Dollar,29.91165344,0.0334317861
ARS,Argentine Peso,59.84237481,0.0167105668
CZK,Czech Koruna,22.68187984,0.0440880565
VND,Vietnamese Dong,23172.13289,0.0000431553
MAD,Moroccan Dirham,9.562969417,0.1045700301
JOD,Jordanian Dinar,0.709,1.410437236
BHD,Bahraini Dinar,0.376,2.659574468
XOF,CFA Franc,585.8866919,0.0017068147
LKR,Sri Lankan Rupee,181.3487404,0.0055142374
UAH,Ukrainian Hryvnia,23.67574921,0.0422373117
NGN,Nigerian Naira,361.9757092,0.0027626163
TND,Tunisian Dinar,2.76993921,0.3610187532
UGX,Ugandan Shilling,3664.989624,0.0002728521
RON,Romanian Leu,4.270090533,0.2341870722
BDT,Bangladeshi Taka,84.78770478,0.0117941629
PEN,Peruvian Sol,3.312997844,0.3018414279
GEL,Georgian Lari,2.860070373,0.3496417464
XAF,Central African CFA Franc BEAC,585.8866919,0.0017068147
FJD,Fijian Dollar,2.147729856,0.4656079055
VEF,Venezuelan Bolívar,9.9875,0.1001251564
VES,Venezuelan Bolívar,45864.56343,0.0000218033
BYN,Belarusian Ruble,2.102435045,0.4756389513
HRK,Croatian Kuna,6.63906464,0.1506236276
UZS,Uzbekistani Som,9515.990195,0.0001050863
BGN,Bulgarian Lev,1.746905313,0.5724408715
DZD,Algerian Dinar,119.0470755,0.0084000384
IRR,Iranian Rial,42101.07718,0.0000237524
DOP,Dominican Peso,53.23576624,0.0187843638
ISK,Icelandic Krona,121.1062244,0.0082572139
XAG,Silver Ounce,0.056014175,17.85262391
CRC,Costa Rican Colon,566.3436035,0.0017657125
SYP,Syrian Pound,514.99882,0.001941752
LYD,Libyan Dinar,1.399474404,0.7145539762
JMD,Jamaican Dollar,132.590733,0.0075420052
MUR,Mauritian Rupee,36.37576566,0.0274908303
GHS,Ghanaian Cedi,5.699296246,0.1754602598
AOA,Angolan Kwanza,482.1773504,0.0020739257
UYU,Uruguayan Peso,37.15260298,0.0269160145
AFN,Afghan Afghani,78.0533298,0.0128117532
LBP,Lebanese Pound,1507.5,0.0006633499
XPF,CFP Franc,106.584547,0.0093822231
TTD,Trinidadian Dollar,6.749080025,0.1481683424
TZS,Tanzanian Shilling,2297.905999,0.0004351788
ALL,Albanian Lek,108.6808663,0.0092012516
XCD,East Caribbean Dollar,2.702521571,0.3700247986
GTQ,Guatemalan Quetzal,7.697365379,0.1299145813
NPR,Nepalese Rupee,114.7227056,0.0087166703
BOB,Bolivian Bolíviano,6.901732547,0.144891155
ZWD,Zimbabwean Dollar,361.9,0.0027631943
BBD,Barbadian or Bajan Dollar,2,0.5
CUC,Cuban Convertible Peso,1,1
LAK,Lao Kip,8867.466472,0.0001127718
BND,Bruneian Dollar,1.346865297,0.7424647456
BWP,Botswana Pula,10.6665612,0.0937509269
HNL,Honduran Lempira,24.5924408,0.0406629016
PYG,Paraguayan Guarani,6453.430202,0.0001549564
ETB,Ethiopian Birr,32.0008981,0.031249123
NAD,Namibian Dollar,14.02669746,0.0712926192
PGK,Papua New Guinean Kina,3.407179084,0.2934979276
SDG,Sudanese Pound,45.14894413,0.0221489122
MOP,Macau Pataca,8.042516452,0.1243391923
NIO,Nicaraguan Cordoba,33.6953593,0.0296776773
BMD,Bermudian Dollar,1,1
KZT,Kazakhstani Tenge,381.8452576,0.0026188619
PAB,Panamanian Balboa,1,1
BAM,Bosnian Convertible Mark,1.746905313,0.5724408715
GYD,Guyanese Dollar,210.2754737,0.0047556664
YER,Yemeni Rial,250.2820899,0.0039954916
MGA,Malagasy Ariary,3631.480697,0.0002753698
KYD,Caymanian Dollar,0.8199999804,1.219512224
MZN,Mozambican Metical,61.54394288,0.0162485527
RSD,Serbian Dinar,104.8494556,0.0095374839
SCR,Seychellois Rupee,13.68377104,0.0730792701
AMD,Armenian Dram,478.8900766,0.0020881619
SBD,Solomon Islander Dollar,8.206185992,0.1218592902
AZN,Azerbaijan Manat,1.696492316,0.5894515351
SLL,Sierra Leonean Leone,9746.100362,0.0001026051
TOP,Tongan Pa'anga,2.28425358,0.4377797669
BZD,Belizean Dollar,2.012901451,0.4967953098
MWK,Malawian Kwacha,736.3623032,0.0013580271
GMD,Gambian Dalasi,51.27235538,0.0195036876
BIF,Burundian Franc,1885.947536,0.0005302374
SOS,Somali Shilling,579.5382695,0.0017255116
HTG,Haitian Gourde,96.10735997,0.0104050304
GNF,Guinean Franc,9531.45223,0.0001049158
MVR,Maldivian Rufiyaa,15.45045347,0.0647230194
MNT,Mongolian Tughrik,2739.285906,0.0003650586
CDF,Congolese Franc,1686.370804,0.0005929894
STN,Sao Tomean Dobra,22.01559286,0.0454223516
TJS,Tajikistani Somoni,9.694683357,0.1031493204
KPW,North Korean Won,900.0190336,0.0011110876
MMK,Burmese Kyat,1472.86121,0.0006789506
LSL,Basotho Loti,14.02669746,0.0712926192
LRD,Liberian Dollar,187.5938425,0.0053306654
KGS,Kyrgyzstani Som,69.64388321,0.0143587628
GIP,Gibraltar Pound,0.7538538976,1.326516986
XPT,Platinum Ounce,0.0010278636,972.8917339
MDL,Moldovan Leu,17.27055085,0.0579020327
CUP,Cuban Peso,26.5,0.0377358491
KHR,Cambodian Riel,4067.449843,0.0002458543
MKD,Macedonian Denar,54.79198856,0.0182508433
VUV,Ni-Vanuatu Vatu,115.4844412,0.0086591751
MRU,Mauritanian Ouguiya,37.52823101,0.0266466064
ANG,Dutch Guilder,1.78990464,0.5586889812
SZL,Swazi Lilangeni,14.02669746,0.0712926192
CVE,Cape Verdean Escudo,98.49079363,0.0101532332
SRD,Surinamese Dollar,7.457155307,0.134099393
XPD,Palladium Ounce,0.000514681,1942.951071
SVC,Salvadoran Colon,8.75,0.1142857143
BSD,Bahamian Dollar,1,1
XDR,IMF Special Drawing Rights,0.7215999934,1.385809325
RWF,Rwandan Franc,940.6326112,0.0010631143
AWG,Aruban or Dutch Guilder,1.79,0.5586592179
DJF,Djiboutian Franc,177.7789065,0.0056249643
BTN,Bhutanese Ngultrum,71.36715744,0.0140120475
KMF,Comorian Franc,439.4150189,0.0022757529
WST,Samoan Tala,2.630519442,0.3801530543
SPL,Seborgan Luigino,0.166666666,6.000000024
ERN,Eritrean Nakfa,15,0.0666666667
FKP,Falkland Island Pound,0.7538538976,1.326516986
SHP,Saint Helenian Pound,0.7538538976,1.326516986
JEP,Jersey Pound,0.7538538976,1.326516986
TMT,Turkmenistani Manat,3.499999895,0.2857142943
TVD,Tuvaluan Dollar,1.424357801,0.7020707855
IMP,Isle of Man Pound,0.7538538976,1.326516986
GGP,Guernsey Pound,0.7538538976,1.326516986
ZMW,Zambian Kwacha,14.07464465,0.0710497512